<annotation>
	<folder>UNK</folder>
	<filename>167.jpg</filename>
	<path>UNK</path>
	<source>
		<database>Unknown</database>
	</source>
	<size>
		<width>640</width>
		<height>480</height>
		<depth>3</depth>
	</size>
	<segmented>0</segmented>
	<object>
		<name>drone</name>
		<pose>Unspecified</pose>
		<truncated>0</truncated>
		<difficult>0</difficult>
		<bndbox>
			<xmin>405</xmin>
			<ymin>81</ymin>
			<xmax>462</xmax>
			<ymax>120</ymax>
		</bndbox>
	</object>
	<object>
		<name>drone</name>
		<pose>Unspecified</pose>
		<truncated>0</truncated>
		<difficult>0</difficult>
		<bndbox>
			<xmin>363</xmin>
			<ymin>314</ymin>
			<xmax>391</xmax>
			<ymax>363</ymax>
		</bndbox>
	</object>
</annotation>
