<annotation>
	<folder>UNK</folder>
	<filename>3849.jpg</filename>
	<path>UNK</path>
	<source>
		<database>Unknown</database>
	</source>
	<size>
		<width>640</width>
		<height>480</height>
		<depth>1</depth>
	</size>
	<segmented>0</segmented>
	<object>
		<name>drone</name>
		<pose>Unspecified</pose>
		<truncated>0</truncated>
		<difficult>0</difficult>
		<bndbox>
			<xmin>279</xmin>
			<ymin>194</ymin>
			<xmax>317</xmax>
			<ymax>217</ymax>
		</bndbox>
	</object>
	<object>
		<name>drone</name>
		<pose>Unspecified</pose>
		<truncated>1</truncated>
		<difficult>0</difficult>
		<bndbox>
			<xmin>524</xmin>
			<ymin>2</ymin>
			<xmax>640</xmax>
			<ymax>66</ymax>
		</bndbox>
	</object>
</annotation>
