<annotation>
	<folder>UNK</folder>
	<filename>3876.jpg</filename>
	<path>UNK</path>
	<source>
		<database>Unknown</database>
	</source>
	<size>
		<width>640</width>
		<height>480</height>
		<depth>1</depth>
	</size>
	<segmented>0</segmented>
	<object>
		<name>drone</name>
		<pose>Unspecified</pose>
		<truncated>0</truncated>
		<difficult>0</difficult>
		<bndbox>
			<xmin>191</xmin>
			<ymin>347</ymin>
			<xmax>271</xmax>
			<ymax>407</ymax>
		</bndbox>
	</object>
	<object>
		<name>drone</name>
		<pose>Unspecified</pose>
		<truncated>0</truncated>
		<difficult>0</difficult>
		<bndbox>
			<xmin>526</xmin>
			<ymin>3</ymin>
			<xmax>639</xmax>
			<ymax>67</ymax>
		</bndbox>
	</object>
</annotation>
