<annotation>
	<folder>UNK</folder>
	<filename>pos_G2P2261.jpg</filename>
	<path>UNK</path>
	<source>
		<database>Unknown</database>
	</source>
	<size>
		<width>640</width>
		<height>480</height>
		<depth>3</depth>
	</size>
	<segmented>0</segmented>
	<object>
		<name>drone</name>
		<pose>Unspecified</pose>
		<truncated>0</truncated>
		<difficult>0</difficult>
		<bndbox>
			<xmin>412</xmin>
			<ymin>78</ymin>
			<xmax>490</xmax>
			<ymax>156</ymax>
		</bndbox>
	</object>
</annotation>