<annotation>
	<folder>UNK</folder>
	<filename>pos_G3P13979.jpg</filename>
	<path>UNK</path>
	<source>
		<database>Unknown</database>
	</source>
	<size>
		<width>640</width>
		<height>480</height>
		<depth>3</depth>
	</size>
	<segmented>0</segmented>
	<object>
		<name>drone</name>
		<pose>Unspecified</pose>
		<truncated>0</truncated>
		<difficult>0</difficult>
		<bndbox>
			<xmin>341</xmin>
			<ymin>165</ymin>
			<xmax>363</xmax>
			<ymax>183</ymax>
		</bndbox>
	</object>
</annotation>
